circuitId,circuitName,circuitLocation,circuitCountry,constructorId,constructorName,constructorNationality,constructorPoints,constructorPosition,constructorWins,driverId,driverForename,driverSurname,driverNationality,driverPoints,driverPosition,driverWins,raceId,year,round,raceName,date,resultId,grid,positionOrder,resultPoints,laps,resultTime,raceStatus
3,Bahrain International Circuit,Sakhir,Bahrain,9,Red Bull,Austrian,44.0,1,1,830,Max,Verstappen,Dutch,26.0,1,1,1121,2024,1,Bahrain Grand Prix,2024-03-02,26286,1,1,26.0,57,1:31:44.742,Finished
3,Bahrain International Circuit,Sakhir,Bahrain,9,Red Bull,Austrian,44.0,1,1,815,Sergio,Pérez,Mexican,18.0,2,0,1121,2024,1,Bahrain Grand Prix,2024-03-02,26287,5,2,18.0,57,+22.457,Finished
3,Bahrain International Circuit,Sakhir,Bahrain,6,Ferrari,Italian,27.0,2,0,832,Carlos,Sainz,Spanish,15.0,3,0,1121,2024,1,Bahrain Grand Prix,2024-03-02,26288,4,3,15.0,57,+25.110,Finished
3,Bahrain International Circuit,Sakhir,Bahrain,6,Ferrari,Italian,27.0,2,0,844,Charles,Leclerc,Monegasque,12.0,4,0,1121,2024,1,Bahrain Grand Prix,2024-03-02,26289,2,4,12.0,57,+39.669,Finished
3,Bahrain International Circuit,Sakhir,Bahrain,131,Mercedes,German,16.0,3,0,847,George,Russell,British,10.0,5,0,1121,2024,1,Bahrain Grand Prix,2024-03-02,26290,3,5,10.0,57,+46.788,Finished
3,Bahrain International Circuit,Sakhir,Bahrain,1,McLaren,British,12.0,4,0,846,Lando,Norris,British,8.0,6,0,1121,2024,1,Bahrain Grand Prix,2024-03-02,26291,7,6,8.0,57,+48.458,Finished
3,Bahrain International Circuit,Sakhir,Bahrain,131,Mercedes,German,16.0,3,0,1,Lewis,Hamilton,British,6.0,7,0,1121,2024,1,Bahrain Grand Prix,2024-03-02,26292,9,7,6.0,57,+50.324,Finished
3,Bahrain International Circuit,Sakhir,Bahrain,1,McLaren,British,12.0,4,0,857,Oscar,Piastri,Australian,4.0,8,0,1121,2024,1,Bahrain Grand Prix,2024-03-02,26293,8,8,4.0,57,+56.082,Finished
3,Bahrain International Circuit,Sakhir,Bahrain,117,Aston Martin,British,3.0,5,0,4,Fernando,Alonso,Spanish,2.0,9,0,1121,2024,1,Bahrain Grand Prix,2024-03-02,26294,6,9,2.0,57,+1:14.887,Finished
3,Bahrain International Circuit,Sakhir,Bahrain,117,Aston Martin,British,3.0,5,0,840,Lance,Stroll,Canadian,1.0,10,0,1121,2024,1,Bahrain Grand Prix,2024-03-02,26295,12,10,1.0,57,+1:33.216,Finished
3,Bahrain International Circuit,Sakhir,Bahrain,15,Sauber,Swiss,0.0,6,0,855,Guanyu,Zhou,Chinese,0.0,11,0,1121,2024,1,Bahrain Grand Prix,2024-03-02,26296,17,11,0.0,56,\N,+1 Lap
3,Bahrain International Circuit,Sakhir,Bahrain,210,Haas F1 Team,American,0.0,7,0,825,Kevin,Magnussen,Danish,0.0,12,0,1121,2024,1,Bahrain Grand Prix,2024-03-02,26297,15,12,0.0,56,\N,+1 Lap
3,Bahrain International Circuit,Sakhir,Bahrain,215,RB F1 Team,Italian,0.0,8,0,817,Daniel,Ricciardo,Australian,0.0,13,0,1121,2024,1,Bahrain Grand Prix,2024-03-02,26298,14,13,0.0,56,\N,+1 Lap
3,Bahrain International Circuit,Sakhir,Bahrain,215,RB F1 Team,Italian,0.0,8,0,852,Yuki,Tsunoda,Japanese,0.0,14,0,1121,2024,1,Bahrain Grand Prix,2024-03-02,26299,11,14,0.0,56,\N,+1 Lap
3,Bahrain International Circuit,Sakhir,Bahrain,3,Williams,British,0.0,9,0,848,Alexander,Albon,Thai,0.0,15,0,1121,2024,1,Bahrain Grand Prix,2024-03-02,26300,13,15,0.0,56,\N,+1 Lap
3,Bahrain International Circuit,Sakhir,Bahrain,210,Haas F1 Team,American,0.0,7,0,807,Nico,Hülkenberg,German,0.0,16,0,1121,2024,1,Bahrain Grand Prix,2024-03-02,26301,10,16,0.0,56,\N,+1 Lap
3,Bahrain International Circuit,Sakhir,Bahrain,214,Alpine F1 Team,French,0.0,10,0,839,Esteban,Ocon,French,0.0,17,0,1121,2024,1,Bahrain Grand Prix,2024-03-02,26302,19,17,0.0,56,\N,+1 Lap
3,Bahrain International Circuit,Sakhir,Bahrain,214,Alpine F1 Team,French,0.0,10,0,842,Pierre,Gasly,French,0.0,18,0,1121,2024,1,Bahrain Grand Prix,2024-03-02,26303,20,18,0.0,56,\N,+1 Lap
3,Bahrain International Circuit,Sakhir,Bahrain,15,Sauber,Swiss,0.0,6,0,822,Valtteri,Bottas,Finnish,0.0,19,0,1121,2024,1,Bahrain Grand Prix,2024-03-02,26304,16,19,0.0,56,\N,+1 Lap
3,Bahrain International Circuit,Sakhir,Bahrain,3,Williams,British,0.0,9,0,858,Logan,Sargeant,American,0.0,20,0,1121,2024,1,Bahrain Grand Prix,2024-03-02,26305,18,20,0.0,55,\N,+2 Laps
77,Jeddah Corniche Circuit,Jeddah,Saudi Arabia,9,Red Bull,Austrian,87.0,1,2,830,Max,Verstappen,Dutch,51.0,1,2,1122,2024,2,Saudi Arabian Grand Prix,2024-03-09,26306,1,1,25.0,50,1:20:43.273,Finished
77,Jeddah Corniche Circuit,Jeddah,Saudi Arabia,9,Red Bull,Austrian,87.0,1,2,815,Sergio,Pérez,Mexican,36.0,2,0,1122,2024,2,Saudi Arabian Grand Prix,2024-03-09,26307,3,2,18.0,50,+13.6431,Finished
77,Jeddah Corniche Circuit,Jeddah,Saudi Arabia,6,Ferrari,Italian,49.0,2,0,844,Charles,Leclerc,Monegasque,28.0,3,0,1122,2024,2,Saudi Arabian Grand Prix,2024-03-09,26308,2,3,16.0,50,+18.639,Finished
77,Jeddah Corniche Circuit,Jeddah,Saudi Arabia,1,McLaren,British,28.0,3,0,857,Oscar,Piastri,Australian,16.0,5,0,1122,2024,2,Saudi Arabian Grand Prix,2024-03-09,26309,5,4,12.0,50,+32.007,Finished
77,Jeddah Corniche Circuit,Jeddah,Saudi Arabia,117,Aston Martin,British,13.0,5,0,4,Fernando,Alonso,Spanish,12.0,7,0,1122,2024,2,Saudi Arabian Grand Prix,2024-03-09,26310,4,5,10.0,50,+35.759,Finished
77,Jeddah Corniche Circuit,Jeddah,Saudi Arabia,131,Mercedes,German,26.0,4,0,847,George,Russell,British,18.0,4,0,1122,2024,2,Saudi Arabian Grand Prix,2024-03-09,26311,7,6,8.0,50,+39.936,Finished
77,Jeddah Corniche Circuit,Jeddah,Saudi Arabia,6,Ferrari,Italian,49.0,2,0,860,Oliver,Bearman,British,6.0,10,0,1122,2024,2,Saudi Arabian Grand Prix,2024-03-09,26312,11,7,6.0,50,+42.679,Finished
77,Jeddah Corniche Circuit,Jeddah,Saudi Arabia,1,McLaren,British,28.0,3,0,846,Lando,Norris,British,12.0,8,0,1122,2024,2,Saudi Arabian Grand Prix,2024-03-09,26313,6,8,4.0,50,+45.708,Finished
77,Jeddah Corniche Circuit,Jeddah,Saudi Arabia,131,Mercedes,German,26.0,4,0,1,Lewis,Hamilton,British,8.0,9,0,1122,2024,2,Saudi Arabian Grand Prix,2024-03-09,26314,8,9,2.0,50,+47.391,Finished
77,Jeddah Corniche Circuit,Jeddah,Saudi Arabia,210,Haas F1 Team,American,1.0,6,0,807,Nico,Hülkenberg,German,1.0,11,0,1122,2024,2,Saudi Arabian Grand Prix,2024-03-09,26315,15,10,1.0,50,+1:16.996,Finished
77,Jeddah Corniche Circuit,Jeddah,Saudi Arabia,3,Williams,British,0.0,7,0,848,Alexander,Albon,Thai,0.0,13,0,1122,2024,2,Saudi Arabian Grand Prix,2024-03-09,26316,12,11,0.0,50,+1:28.354,Finished
77,Jeddah Corniche Circuit,Jeddah,Saudi Arabia,210,Haas F1 Team,American,1.0,6,0,825,Kevin,Magnussen,Danish,0.0,15,0,1122,2024,2,Saudi Arabian Grand Prix,2024-03-09,26317,13,12,0.0,50,+1:45.7373,Finished
77,Jeddah Corniche Circuit,Jeddah,Saudi Arabia,214,Alpine F1 Team,French,0.0,10,0,839,Esteban,Ocon,French,0.0,17,0,1122,2024,2,Saudi Arabian Grand Prix,2024-03-09,26318,17,13,0.0,49,\N,+1 Lap
77,Jeddah Corniche Circuit,Jeddah,Saudi Arabia,3,Williams,British,0.0,7,0,858,Logan,Sargeant,American,0.0,19,0,1122,2024,2,Saudi Arabian Grand Prix,2024-03-09,26319,19,14,0.0,49,\N,+1 Lap
77,Jeddah Corniche Circuit,Jeddah,Saudi Arabia,215,RB F1 Team,Italian,0.0,9,0,852,Yuki,Tsunoda,Japanese,0.0,18,0,1122,2024,2,Saudi Arabian Grand Prix,2024-03-09,26320,9,15,0.0,49,\N,+1 Lap
77,Jeddah Corniche Circuit,Jeddah,Saudi Arabia,215,RB F1 Team,Italian,0.0,9,0,817,Daniel,Ricciardo,Australian,0.0,16,0,1122,2024,2,Saudi Arabian Grand Prix,2024-03-09,26321,14,16,0.0,49,\N,+1 Lap
77,Jeddah Corniche Circuit,Jeddah,Saudi Arabia,15,Sauber,Swiss,0.0,8,0,822,Valtteri,Bottas,Finnish,0.0,20,0,1122,2024,2,Saudi Arabian Grand Prix,2024-03-09,26322,16,17,0.0,49,\N,+1 Lap
77,Jeddah Corniche Circuit,Jeddah,Saudi Arabia,15,Sauber,Swiss,0.0,8,0,855,Guanyu,Zhou,Chinese,0.0,14,0,1122,2024,2,Saudi Arabian Grand Prix,2024-03-09,26323,20,18,0.0,49,\N,+1 Lap
77,Jeddah Corniche Circuit,Jeddah,Saudi Arabia,117,Aston Martin,British,13.0,5,0,840,Lance,Stroll,Canadian,1.0,12,0,1122,2024,2,Saudi Arabian Grand Prix,2024-03-09,26324,10,19,0.0,5,\N,Accident
77,Jeddah Corniche Circuit,Jeddah,Saudi Arabia,214,Alpine F1 Team,French,0.0,10,0,842,Pierre,Gasly,French,0.0,21,0,1122,2024,2,Saudi Arabian Grand Prix,2024-03-09,26325,18,20,0.0,1,\N,Gearbox
1,Albert Park Grand Prix Circuit,Melbourne,Australia,6,Ferrari,Italian,93.0,2,1,832,Carlos,Sainz,Spanish,40.0,4,1,1123,2024,3,Australian Grand Prix,2024-03-24,26326,2,1,25.0,58,1:20:26.843,Finished
1,Albert Park Grand Prix Circuit,Melbourne,Australia,6,Ferrari,Italian,93.0,2,1,844,Charles,Leclerc,Monegasque,47.0,2,0,1123,2024,3,Australian Grand Prix,2024-03-24,26327,4,2,19.0,58,+2.366,Finished
1,Albert Park Grand Prix Circuit,Melbourne,Australia,1,McLaren,British,55.0,3,0,846,Lando,Norris,British,27.0,6,0,1123,2024,3,Australian Grand Prix,2024-03-24,26328,3,3,15.0,58,+5.904,Finished
1,Albert Park Grand Prix Circuit,Melbourne,Australia,1,McLaren,British,55.0,3,0,857,Oscar,Piastri,Australian,28.0,5,0,1123,2024,3,Australian Grand Prix,2024-03-24,26329,5,4,12.0,58,+35.770,Finished
1,Albert Park Grand Prix Circuit,Melbourne,Australia,9,Red Bull,Austrian,97.0,1,2,815,Sergio,Pérez,Mexican,46.0,3,0,1123,2024,3,Australian Grand Prix,2024-03-24,26330,6,5,10.0,58,+56.309,Finished
1,Albert Park Grand Prix Circuit,Melbourne,Australia,117,Aston Martin,British,25.0,5,0,840,Lance,Stroll,Canadian,9.0,9,0,1123,2024,3,Australian Grand Prix,2024-03-24,26331,9,6,8.0,58,+1:33.222,Finished
1,Albert Park Grand Prix Circuit,Melbourne,Australia,215,RB F1 Team,Italian,6.0,6,0,852,Yuki,Tsunoda,Japanese,6.0,11,0,1123,2024,3,Australian Grand Prix,2024-03-24,26332,8,7,6.0,58,+1:35.601,Finished
1,Albert Park Grand Prix Circuit,Melbourne,Australia,117,Aston Martin,British,25.0,5,0,4,Fernando,Alonso,Spanish,16.0,8,0,1123,2024,3,Australian Grand Prix,2024-03-24,26333,10,8,4.0,58,+1:40.992,Finished
1,Albert Park Grand Prix Circuit,Melbourne,Australia,210,Haas F1 Team,American,4.0,7,0,807,Nico,Hülkenberg,German,3.0,13,0,1123,2024,3,Australian Grand Prix,2024-03-24,26334,16,9,2.0,58,+1:44.553,Finished
1,Albert Park Grand Prix Circuit,Melbourne,Australia,210,Haas F1 Team,American,4.0,7,0,825,Kevin,Magnussen,Danish,1.0,14,0,1123,2024,3,Australian Grand Prix,2024-03-24,26335,14,10,1.0,57,\N,+1 Lap
1,Albert Park Grand Prix Circuit,Melbourne,Australia,3,Williams,British,0.0,8,0,848,Alexander,Albon,Thai,0.0,15,0,1123,2024,3,Australian Grand Prix,2024-03-24,26336,12,11,0.0,57,\N,+1 Lap
1,Albert Park Grand Prix Circuit,Melbourne,Australia,215,RB F1 Team,Italian,6.0,6,0,817,Daniel,Ricciardo,Australian,0.0,17,0,1123,2024,3,Australian Grand Prix,2024-03-24,26337,18,12,0.0,57,\N,+1 Lap
1,Albert Park Grand Prix Circuit,Melbourne,Australia,214,Alpine F1 Team,French,0.0,10,0,842,Pierre,Gasly,French,0.0,19,0,1123,2024,3,Australian Grand Prix,2024-03-24,26338,17,13,0.0,57,\N,+1 Lap
1,Albert Park Grand Prix Circuit,Melbourne,Australia,15,Sauber,Swiss,0.0,9,0,822,Valtteri,Bottas,Finnish,0.0,20,0,1123,2024,3,Australian Grand Prix,2024-03-24,26339,13,14,0.0,57,\N,+1 Lap
1,Albert Park Grand Prix Circuit,Melbourne,Australia,15,Sauber,Swiss,0.0,9,0,855,Guanyu,Zhou,Chinese,0.0,16,0,1123,2024,3,Australian Grand Prix,2024-03-24,26340,19,15,0.0,57,\N,+1 Lap
1,Albert Park Grand Prix Circuit,Melbourne,Australia,214,Alpine F1 Team,French,0.0,10,0,839,Esteban,Ocon,French,0.0,18,0,1123,2024,3,Australian Grand Prix,2024-03-24,26341,15,16,0.0,57,\N,+1 Lap
1,Albert Park Grand Prix Circuit,Melbourne,Australia,131,Mercedes,German,26.0,4,0,847,George,Russell,British,18.0,7,0,1123,2024,3,Australian Grand Prix,2024-03-24,26342,7,17,0.0,56,\N,Accident
1,Albert Park Grand Prix Circuit,Melbourne,Australia,131,Mercedes,German,26.0,4,0,1,Lewis,Hamilton,British,8.0,10,0,1123,2024,3,Australian Grand Prix,2024-03-24,26343,11,18,0.0,15,\N,Engine
1,Albert Park Grand Prix Circuit,Melbourne,Australia,9,Red Bull,Austrian,97.0,1,2,830,Max,Verstappen,Dutch,51.0,1,2,1123,2024,3,Australian Grand Prix,2024-03-24,26344,1,19,0.0,3,\N,Brakes
22,Suzuka Circuit,Suzuka,Japan,9,Red Bull,Austrian,141.0,1,3,830,Max,Verstappen,Dutch,77.0,1,3,1124,2024,4,Japanese Grand Prix,2024-04-07,26345,1,1,26.0,53,1:54:23.566,Finished
22,Suzuka Circuit,Suzuka,Japan,9,Red Bull,Austrian,141.0,1,3,815,Sergio,Pérez,Mexican,64.0,2,0,1124,2024,4,Japanese Grand Prix,2024-04-07,26346,2,2,18.0,53,+12.535,Finished
22,Suzuka Circuit,Suzuka,Japan,6,Ferrari,Italian,120.0,2,1,832,Carlos,Sainz,Spanish,55.0,4,1,1124,2024,4,Japanese Grand Prix,2024-04-07,26347,4,3,15.0,53,+20.866,Finished
22,Suzuka Circuit,Suzuka,Japan,6,Ferrari,Italian,120.0,2,1,844,Charles,Leclerc,Monegasque,59.0,3,0,1124,2024,4,Japanese Grand Prix,2024-04-07,26348,8,4,12.0,53,+26.522,Finished
22,Suzuka Circuit,Suzuka,Japan,1,McLaren,British,69.0,3,0,846,Lando,Norris,British,37.0,5,0,1124,2024,4,Japanese Grand Prix,2024-04-07,26349,3,5,10.0,53,+29.700,Finished
22,Suzuka Circuit,Suzuka,Japan,117,Aston Martin,British,33.0,5,0,4,Fernando,Alonso,Spanish,24.0,8,0,1124,2024,4,Japanese Grand Prix,2024-04-07,26350,5,6,8.0,53,+44.272,Finished
22,Suzuka Circuit,Suzuka,Japan,131,Mercedes,German,34.0,4,0,847,George,Russell,British,24.0,7,0,1124,2024,4,Japanese Grand Prix,2024-04-07,26351,9,7,6.0,53,+45.951,Finished
22,Suzuka Circuit,Suzuka,Japan,1,McLaren,British,69.0,3,0,857,Oscar,Piastri,Australian,32.0,6,0,1124,2024,4,Japanese Grand Prix,2024-04-07,26352,6,8,4.0,53,+47.525,Finished
22,Suzuka Circuit,Suzuka,Japan,131,Mercedes,German,34.0,4,0,1,Lewis,Hamilton,British,10.0,9,0,1124,2024,4,Japanese Grand Prix,2024-04-07,26353,7,9,2.0,53,+48.626,Finished
22,Suzuka Circuit,Suzuka,Japan,215,RB F1 Team,Italian,7.0,6,0,852,Yuki,Tsunoda,Japanese,7.0,11,0,1124,2024,4,Japanese Grand Prix,2024-04-07,26354,10,10,1.0,52,\N,+1 Lap
22,Suzuka Circuit,Suzuka,Japan,210,Haas F1 Team,American,4.0,7,0,807,Nico,Hülkenberg,German,3.0,13,0,1124,2024,4,Japanese Grand Prix,2024-04-07,26355,12,11,0.0,52,\N,+1 Lap
22,Suzuka Circuit,Suzuka,Japan,117,Aston Martin,British,33.0,5,0,840,Lance,Stroll,Canadian,9.0,10,0,1124,2024,4,Japanese Grand Prix,2024-04-07,26356,16,12,0.0,52,\N,+1 Lap
22,Suzuka Circuit,Suzuka,Japan,210,Haas F1 Team,American,4.0,7,0,825,Kevin,Magnussen,Danish,1.0,14,0,1124,2024,4,Japanese Grand Prix,2024-04-07,26357,18,13,0.0,52,\N,+1 Lap
22,Suzuka Circuit,Suzuka,Japan,15,Sauber,Swiss,0.0,9,0,822,Valtteri,Bottas,Finnish,0.0,20,0,1124,2024,4,Japanese Grand Prix,2024-04-07,26358,13,14,0.0,52,\N,+1 Lap
22,Suzuka Circuit,Suzuka,Japan,214,Alpine F1 Team,French,0.0,10,0,839,Esteban,Ocon,French,0.0,18,0,1124,2024,4,Japanese Grand Prix,2024-04-07,26359,15,15,0.0,52,\N,+1 Lap
22,Suzuka Circuit,Suzuka,Japan,214,Alpine F1 Team,French,0.0,10,0,842,Pierre,Gasly,French,0.0,19,0,1124,2024,4,Japanese Grand Prix,2024-04-07,26360,17,16,0.0,52,\N,+1 Lap
22,Suzuka Circuit,Suzuka,Japan,3,Williams,British,0.0,8,0,858,Logan,Sargeant,American,0.0,21,0,1124,2024,4,Japanese Grand Prix,2024-04-07,26361,19,17,0.0,52,\N,+1 Lap
22,Suzuka Circuit,Suzuka,Japan,15,Sauber,Swiss,0.0,9,0,855,Guanyu,Zhou,Chinese,0.0,16,0,1124,2024,4,Japanese Grand Prix,2024-04-07,26362,20,18,0.0,12,\N,Gearbox
22,Suzuka Circuit,Suzuka,Japan,215,RB F1 Team,Italian,7.0,6,0,817,Daniel,Ricciardo,Australian,0.0,17,0,1124,2024,4,Japanese Grand Prix,2024-04-07,26363,11,19,0.0,0,\N,Accident
22,Suzuka Circuit,Suzuka,Japan,3,Williams,British,0.0,8,0,848,Alexander,Albon,Thai,0.0,15,0,1124,2024,4,Japanese Grand Prix,2024-04-07,26364,14,20,0.0,0,\N,Accident
17,Shanghai International Circuit,Shanghai,China,9,Red Bull,Austrian,195.0,1,4,830,Max,Verstappen,Dutch,110.0,1,4,1125,2024,5,Chinese Grand Prix,2024-04-21,26365,1,1,25.0,56,1:40:52.554,Finished
17,Shanghai International Circuit,Shanghai,China,1,McLaren,British,96.0,3,0,846,Lando,Norris,British,58.0,5,0,1125,2024,5,Chinese Grand Prix,2024-04-21,26366,4,2,18.0,56,+13.773,Finished
17,Shanghai International Circuit,Shanghai,China,9,Red Bull,Austrian,195.0,1,4,815,Sergio,Pérez,Mexican,85.0,2,0,1125,2024,5,Chinese Grand Prix,2024-04-21,26367,2,3,15.0,56,+19.160,Finished
17,Shanghai International Circuit,Shanghai,China,6,Ferrari,Italian,151.0,2,1,844,Charles,Leclerc,Monegasque,76.0,3,0,1125,2024,5,Chinese Grand Prix,2024-04-21,26368,6,4,12.0,56,+23.623,Finished
17,Shanghai International Circuit,Shanghai,China,6,Ferrari,Italian,151.0,2,1,832,Carlos,Sainz,Spanish,69.0,4,1,1125,2024,5,Chinese Grand Prix,2024-04-21,26369,7,5,10.0,56,+33.983,Finished
17,Shanghai International Circuit,Shanghai,China,131,Mercedes,German,52.0,4,0,847,George,Russell,British,33.0,7,0,1125,2024,5,Chinese Grand Prix,2024-04-21,26370,8,6,8.0,56,+38.724,Finished
17,Shanghai International Circuit,Shanghai,China,117,Aston Martin,British,40.0,5,0,4,Fernando,Alonso,Spanish,31.0,8,0,1125,2024,5,Chinese Grand Prix,2024-04-21,26371,3,7,7.0,56,+43.414,Finished
17,Shanghai International Circuit,Shanghai,China,1,McLaren,British,96.0,3,0,857,Oscar,Piastri,Australian,38.0,6,0,1125,2024,5,Chinese Grand Prix,2024-04-21,26372,5,8,4.0,56,+56.198,Finished
17,Shanghai International Circuit,Shanghai,China,131,Mercedes,German,52.0,4,0,1,Lewis,Hamilton,British,19.0,9,0,1125,2024,5,Chinese Grand Prix,2024-04-21,26373,18,9,2.0,56,+57.986,Finished
17,Shanghai International Circuit,Shanghai,China,210,Haas F1 Team,American,5.0,7,0,807,Nico,Hülkenberg,German,4.0,13,0,1125,2024,5,Chinese Grand Prix,2024-04-21,26374,9,10,1.0,56,+1:00.476,Finished
17,Shanghai International Circuit,Shanghai,China,214,Alpine F1 Team,French,0.0,9,0,839,Esteban,Ocon,French,0.0,16,0,1125,2024,5,Chinese Grand Prix,2024-04-21,26375,13,11,0.0,56,+1:02.812,Finished
17,Shanghai International Circuit,Shanghai,China,3,Williams,British,0.0,8,0,848,Alexander,Albon,Thai,0.0,15,0,1125,2024,5,Chinese Grand Prix,2024-04-21,26376,14,12,0.0,56,+1:05.506,Finished
17,Shanghai International Circuit,Shanghai,China,214,Alpine F1 Team,French,0.0,9,0,842,Pierre,Gasly,French,0.0,19,0,1125,2024,5,Chinese Grand Prix,2024-04-21,26377,15,13,0.0,56,+1:09.223,Finished
17,Shanghai International Circuit,Shanghai,China,15,Sauber,Swiss,0.0,10,0,855,Guanyu,Zhou,Chinese,0.0,17,0,1125,2024,5,Chinese Grand Prix,2024-04-21,26378,16,14,0.0,56,+1:11.689,Finished
17,Shanghai International Circuit,Shanghai,China,117,Aston Martin,British,40.0,5,0,840,Lance,Stroll,Canadian,9.0,10,0,1125,2024,5,Chinese Grand Prix,2024-04-21,26379,11,15,0.0,56,+1:22.786,Finished
17,Shanghai International Circuit,Shanghai,China,210,Haas F1 Team,American,5.0,7,0,825,Kevin,Magnussen,Danish,1.0,14,0,1125,2024,5,Chinese Grand Prix,2024-04-21,26380,17,16,0.0,56,+1:27.533,Finished
17,Shanghai International Circuit,Shanghai,China,3,Williams,British,0.0,8,0,858,Logan,Sargeant,American,0.0,21,0,1125,2024,5,Chinese Grand Prix,2024-04-21,26381,20,17,0.0,56,+1:35.110,Finished
17,Shanghai International Circuit,Shanghai,China,215,RB F1 Team,Italian,7.0,6,0,817,Daniel,Ricciardo,Australian,0.0,18,0,1125,2024,5,Chinese Grand Prix,2024-04-21,26382,12,18,0.0,33,\N,Retired
17,Shanghai International Circuit,Shanghai,China,215,RB F1 Team,Italian,7.0,6,0,852,Yuki,Tsunoda,Japanese,7.0,11,0,1125,2024,5,Chinese Grand Prix,2024-04-21,26383,19,19,0.0,26,\N,Retired
17,Shanghai International Circuit,Shanghai,China,15,Sauber,Swiss,0.0,10,0,822,Valtteri,Bottas,Finnish,0.0,20,0,1125,2024,5,Chinese Grand Prix,2024-04-21,26384,10,20,0.0,19,\N,Retired
79,Miami International Autodrome,Miami,USA,1,McLaren,British,124.0,3,1,846,Lando,Norris,British,83.0,4,1,1126,2024,6,Miami Grand Prix,2024-05-05,26385,5,1,25.0,57,1:30:49.876,Finished
79,Miami International Autodrome,Miami,USA,9,Red Bull,Austrian,239.0,1,4,830,Max,Verstappen,Dutch,136.0,1,4,1126,2024,6,Miami Grand Prix,2024-05-05,26386,1,2,18.0,57,+7.612,Finished
79,Miami International Autodrome,Miami,USA,6,Ferrari,Italian,187.0,2,1,844,Charles,Leclerc,Monegasque,98.0,3,0,1126,2024,6,Miami Grand Prix,2024-05-05,26387,2,3,15.0,57,+9.920,Finished
79,Miami International Autodrome,Miami,USA,9,Red Bull,Austrian,239.0,1,4,815,Sergio,Pérez,Mexican,103.0,2,0,1126,2024,6,Miami Grand Prix,2024-05-05,26388,4,4,12.0,57,+14.650,Finished
79,Miami International Autodrome,Miami,USA,6,Ferrari,Italian,187.0,2,1,832,Carlos,Sainz,Spanish,83.0,5,1,1126,2024,6,Miami Grand Prix,2024-05-05,26389,3,5,10.0,57,+16.407,Finished
79,Miami International Autodrome,Miami,USA,131,Mercedes,German,64.0,4,0,1,Lewis,Hamilton,British,27.0,9,0,1126,2024,6,Miami Grand Prix,2024-05-05,26390,8,6,8.0,57,+16.585,Finished
79,Miami International Autodrome,Miami,USA,215,RB F1 Team,Italian,19.0,6,0,852,Yuki,Tsunoda,Japanese,14.0,10,0,1126,2024,6,Miami Grand Prix,2024-05-05,26391,10,7,6.0,57,+26.185,Finished
79,Miami International Autodrome,Miami,USA,131,Mercedes,German,64.0,4,0,847,George,Russell,British,37.0,7,0,1126,2024,6,Miami Grand Prix,2024-05-05,26392,7,8,4.0,57,+34.789,Finished
79,Miami International Autodrome,Miami,USA,117,Aston Martin,British,42.0,5,0,4,Fernando,Alonso,Spanish,33.0,8,0,1126,2024,6,Miami Grand Prix,2024-05-05,26393,15,9,2.0,57,+37.107,Finished
79,Miami International Autodrome,Miami,USA,214,Alpine F1 Team,French,1.0,8,0,839,Esteban,Ocon,French,1.0,15,0,1126,2024,6,Miami Grand Prix,2024-05-05,26394,13,10,1.0,57,+39.746,Finished
79,Miami International Autodrome,Miami,USA,210,Haas F1 Team,American,7.0,7,0,807,Nico,Hülkenberg,German,6.0,13,0,1126,2024,6,Miami Grand Prix,2024-05-05,26395,9,11,0.0,57,+40.789,Finished
79,Miami International Autodrome,Miami,USA,214,Alpine F1 Team,French,1.0,8,0,842,Pierre,Gasly,French,0.0,19,0,1126,2024,6,Miami Grand Prix,2024-05-05,26396,12,12,0.0,57,+44.958,Finished
79,Miami International Autodrome,Miami,USA,1,McLaren,British,124.0,3,1,857,Oscar,Piastri,Australian,41.0,6,0,1126,2024,6,Miami Grand Prix,2024-05-05,26397,6,13,0.0,57,+49.756,Finished
79,Miami International Autodrome,Miami,USA,15,Sauber,Swiss,0.0,10,0,855,Guanyu,Zhou,Chinese,0.0,18,0,1126,2024,6,Miami Grand Prix,2024-05-05,26398,19,14,0.0,57,+49.979,Finished
79,Miami International Autodrome,Miami,USA,215,RB F1 Team,Italian,19.0,6,0,817,Daniel,Ricciardo,Australian,5.0,14,0,1126,2024,6,Miami Grand Prix,2024-05-05,26399,20,15,0.0,57,+50.956,Finished
79,Miami International Autodrome,Miami,USA,15,Sauber,Swiss,0.0,10,0,822,Valtteri,Bottas,Finnish,0.0,20,0,1126,2024,6,Miami Grand Prix,2024-05-05,26400,16,16,0.0,57,+52.356,Finished
79,Miami International Autodrome,Miami,USA,117,Aston Martin,British,42.0,5,0,840,Lance,Stroll,Canadian,9.0,11,0,1126,2024,6,Miami Grand Prix,2024-05-05,26401,11,17,0.0,57,+55.173,Finished
79,Miami International Autodrome,Miami,USA,3,Williams,British,0.0,9,0,848,Alexander,Albon,Thai,0.0,17,0,1126,2024,6,Miami Grand Prix,2024-05-05,26402,14,18,0.0,57,+1:16.091,Finished
79,Miami International Autodrome,Miami,USA,210,Haas F1 Team,American,7.0,7,0,825,Kevin,Magnussen,Danish,1.0,16,0,1126,2024,6,Miami Grand Prix,2024-05-05,26403,18,19,0.0,57,+1:24.683,Finished
79,Miami International Autodrome,Miami,USA,3,Williams,British,0.0,9,0,858,Logan,Sargeant,American,0.0,21,0,1126,2024,6,Miami Grand Prix,2024-05-05,26404,17,20,0.0,27,\N,Collision
21,Autodromo Enzo e Dino Ferrari,Imola,Italy,9,Red Bull,Austrian,268.0,1,5,830,Max,Verstappen,Dutch,161.0,1,5,1127,2024,7,Emilia Romagna Grand Prix,2024-05-19,26405,1,1,25.0,63,1:25:25.252,Finished
21,Autodromo Enzo e Dino Ferrari,Imola,Italy,1,McLaren,British,154.0,3,1,846,Lando,Norris,British,101.0,4,1,1127,2024,7,Emilia Romagna Grand Prix,2024-05-19,26406,2,2,18.0,63,+0.725,Finished
21,Autodromo Enzo e Dino Ferrari,Imola,Italy,6,Ferrari,Italian,212.0,2,1,844,Charles,Leclerc,Monegasque,113.0,2,0,1127,2024,7,Emilia Romagna Grand Prix,2024-05-19,26407,3,3,15.0,63,+7.916,Finished
21,Autodromo Enzo e Dino Ferrari,Imola,Italy,1,McLaren,British,154.0,3,1,857,Oscar,Piastri,Australian,53.0,6,0,1127,2024,7,Emilia Romagna Grand Prix,2024-05-19,26408,5,4,12.0,63,+14.132,Finished
21,Autodromo Enzo e Dino Ferrari,Imola,Italy,6,Ferrari,Italian,212.0,2,1,832,Carlos,Sainz,Spanish,93.0,5,1,1127,2024,7,Emilia Romagna Grand Prix,2024-05-19,26409,4,5,10.0,63,+22.325,Finished
21,Autodromo Enzo e Dino Ferrari,Imola,Italy,131,Mercedes,German,79.0,4,0,1,Lewis,Hamilton,British,35.0,8,0,1127,2024,7,Emilia Romagna Grand Prix,2024-05-19,26410,8,6,8.0,63,+35.104,Finished
21,Autodromo Enzo e Dino Ferrari,Imola,Italy,131,Mercedes,German,79.0,4,0,847,George,Russell,British,44.0,7,0,1127,2024,7,Emilia Romagna Grand Prix,2024-05-19,26411,6,7,7.0,63,+47.154,Finished
21,Autodromo Enzo e Dino Ferrari,Imola,Italy,9,Red Bull,Austrian,268.0,1,5,815,Sergio,Pérez,Mexican,107.0,3,0,1127,2024,7,Emilia Romagna Grand Prix,2024-05-19,26412,11,8,4.0,63,+54.776,Finished
21,Autodromo Enzo e Dino Ferrari,Imola,Italy,117,Aston Martin,British,44.0,5,0,840,Lance,Stroll,Canadian,11.0,11,0,1127,2024,7,Emilia Romagna Grand Prix,2024-05-19,26413,13,9,2.0,63,+1:19.556,Finished
21,Autodromo Enzo e Dino Ferrari,Imola,Italy,215,RB F1 Team,Italian,20.0,6,0,852,Yuki,Tsunoda,Japanese,15.0,10,0,1127,2024,7,Emilia Romagna Grand Prix,2024-05-19,26414,7,10,1.0,62,\N,+1 Lap
21,Autodromo Enzo e Dino Ferrari,Imola,Italy,210,Haas F1 Team,American,7.0,7,0,807,Nico,Hülkenberg,German,6.0,13,0,1127,2024,7,Emilia Romagna Grand Prix,2024-05-19,26415,10,11,0.0,62,\N,+1 Lap
21,Autodromo Enzo e Dino Ferrari,Imola,Italy,210,Haas F1 Team,American,7.0,7,0,825,Kevin,Magnussen,Danish,1.0,16,0,1127,2024,7,Emilia Romagna Grand Prix,2024-05-19,26416,18,12,0.0,62,\N,+1 Lap
21,Autodromo Enzo e Dino Ferrari,Imola,Italy,215,RB F1 Team,Italian,20.0,6,0,817,Daniel,Ricciardo,Australian,5.0,14,0,1127,2024,7,Emilia Romagna Grand Prix,2024-05-19,26417,9,13,0.0,62,\N,+1 Lap
21,Autodromo Enzo e Dino Ferrari,Imola,Italy,214,Alpine F1 Team,French,1.0,8,0,839,Esteban,Ocon,French,1.0,15,0,1127,2024,7,Emilia Romagna Grand Prix,2024-05-19,26418,12,14,0.0,62,\N,+1 Lap
21,Autodromo Enzo e Dino Ferrari,Imola,Italy,15,Sauber,Swiss,0.0,10,0,855,Guanyu,Zhou,Chinese,0.0,18,0,1127,2024,7,Emilia Romagna Grand Prix,2024-05-19,26419,17,15,0.0,62,\N,+1 Lap
21,Autodromo Enzo e Dino Ferrari,Imola,Italy,214,Alpine F1 Team,French,1.0,8,0,842,Pierre,Gasly,French,0.0,19,0,1127,2024,7,Emilia Romagna Grand Prix,2024-05-19,26420,15,16,0.0,62,\N,+1 Lap
21,Autodromo Enzo e Dino Ferrari,Imola,Italy,3,Williams,British,0.0,9,0,858,Logan,Sargeant,American,0.0,21,0,1127,2024,7,Emilia Romagna Grand Prix,2024-05-19,26421,19,17,0.0,62,\N,+1 Lap
21,Autodromo Enzo e Dino Ferrari,Imola,Italy,15,Sauber,Swiss,0.0,10,0,822,Valtteri,Bottas,Finnish,0.0,20,0,1127,2024,7,Emilia Romagna Grand Prix,2024-05-19,26422,16,18,0.0,62,\N,+1 Lap
21,Autodromo Enzo e Dino Ferrari,Imola,Italy,117,Aston Martin,British,44.0,5,0,4,Fernando,Alonso,Spanish,33.0,9,0,1127,2024,7,Emilia Romagna Grand Prix,2024-05-19,26423,20,19,0.0,62,\N,+1 Lap
21,Autodromo Enzo e Dino Ferrari,Imola,Italy,3,Williams,British,0.0,9,0,848,Alexander,Albon,Thai,0.0,17,0,1127,2024,7,Emilia Romagna Grand Prix,2024-05-19,26424,14,20,0.0,51,\N,Retired
6,Circuit de Monaco,Monte-Carlo,Monaco,6,Ferrari,Italian,252.0,2,2,844,Charles,Leclerc,Monegasque,138.0,2,1,1128,2024,8,Monaco Grand Prix,2024-05-26,26425,1,1,25.0,78,2:23:15.554,Finished
6,Circuit de Monaco,Monte-Carlo,Monaco,1,McLaren,British,184.0,3,1,857,Oscar,Piastri,Australian,71.0,6,0,1128,2024,8,Monaco Grand Prix,2024-05-26,26426,2,2,18.0,78,+7.152,Finished
6,Circuit de Monaco,Monte-Carlo,Monaco,6,Ferrari,Italian,252.0,2,2,832,Carlos,Sainz,Spanish,108.0,4,1,1128,2024,8,Monaco Grand Prix,2024-05-26,26427,3,3,15.0,78,+7.585,Finished
6,Circuit de Monaco,Monte-Carlo,Monaco,1,McLaren,British,184.0,3,1,846,Lando,Norris,British,113.0,3,1,1128,2024,8,Monaco Grand Prix,2024-05-26,26428,4,4,12.0,78,+8.650,Finished
6,Circuit de Monaco,Monte-Carlo,Monaco,131,Mercedes,German,96.0,4,0,847,George,Russell,British,54.0,7,0,1128,2024,8,Monaco Grand Prix,2024-05-26,26429,5,5,10.0,78,+13.309,Finished
6,Circuit de Monaco,Monte-Carlo,Monaco,9,Red Bull,Austrian,276.0,1,5,830,Max,Verstappen,Dutch,169.0,1,5,1128,2024,8,Monaco Grand Prix,2024-05-26,26430,6,6,8.0,78,+13.853,Finished
6,Circuit de Monaco,Monte-Carlo,Monaco,131,Mercedes,German,96.0,4,0,1,Lewis,Hamilton,British,42.0,8,0,1128,2024,8,Monaco Grand Prix,2024-05-26,26431,7,7,7.0,78,+14.908,Finished
6,Circuit de Monaco,Monte-Carlo,Monaco,215,RB F1 Team,Italian,24.0,6,0,852,Yuki,Tsunoda,Japanese,19.0,10,0,1128,2024,8,Monaco Grand Prix,2024-05-26,26432,8,8,4.0,77,\N,+1 Lap
6,Circuit de Monaco,Monte-Carlo,Monaco,3,Williams,British,2.0,8,0,848,Alexander,Albon,Thai,2.0,15,0,1128,2024,8,Monaco Grand Prix,2024-05-26,26433,9,9,2.0,77,\N,+1 Lap
6,Circuit de Monaco,Monte-Carlo,Monaco,214,Alpine F1 Team,French,2.0,9,0,842,Pierre,Gasly,French,1.0,18,0,1128,2024,8,Monaco Grand Prix,2024-05-26,26434,10,10,1.0,77,\N,+1 Lap
6,Circuit de Monaco,Monte-Carlo,Monaco,117,Aston Martin,British,44.0,5,0,4,Fernando,Alonso,Spanish,33.0,9,0,1128,2024,8,Monaco Grand Prix,2024-05-26,26435,14,11,0.0,76,\N,+2 Laps
6,Circuit de Monaco,Monte-Carlo,Monaco,215,RB F1 Team,Italian,24.0,6,0,817,Daniel,Ricciardo,Australian,5.0,14,0,1128,2024,8,Monaco Grand Prix,2024-05-26,26436,12,12,0.0,76,\N,+2 Laps
6,Circuit de Monaco,Monte-Carlo,Monaco,15,Sauber,Swiss,0.0,10,0,822,Valtteri,Bottas,Finnish,0.0,20,0,1128,2024,8,Monaco Grand Prix,2024-05-26,26437,17,13,0.0,76,\N,+2 Laps
6,Circuit de Monaco,Monte-Carlo,Monaco,117,Aston Martin,British,44.0,5,0,840,Lance,Stroll,Canadian,11.0,11,0,1128,2024,8,Monaco Grand Prix,2024-05-26,26438,13,14,0.0,76,\N,+2 Laps
6,Circuit de Monaco,Monte-Carlo,Monaco,3,Williams,British,2.0,8,0,858,Logan,Sargeant,American,0.0,21,0,1128,2024,8,Monaco Grand Prix,2024-05-26,26439,15,15,0.0,76,\N,+2 Laps
6,Circuit de Monaco,Monte-Carlo,Monaco,15,Sauber,Swiss,0.0,10,0,855,Guanyu,Zhou,Chinese,0.0,19,0,1128,2024,8,Monaco Grand Prix,2024-05-26,26440,18,16,0.0,76,\N,+2 Laps
6,Circuit de Monaco,Monte-Carlo,Monaco,214,Alpine F1 Team,French,2.0,9,0,839,Esteban,Ocon,French,1.0,16,0,1128,2024,8,Monaco Grand Prix,2024-05-26,26441,11,17,0.0,0,\N,Collision
6,Circuit de Monaco,Monte-Carlo,Monaco,9,Red Bull,Austrian,276.0,1,5,815,Sergio,Pérez,Mexican,107.0,5,0,1128,2024,8,Monaco Grand Prix,2024-05-26,26442,16,18,0.0,0,\N,Collision
6,Circuit de Monaco,Monte-Carlo,Monaco,210,Haas F1 Team,American,7.0,7,0,807,Nico,Hülkenberg,German,6.0,13,0,1128,2024,8,Monaco Grand Prix,2024-05-26,26443,19,19,0.0,0,\N,Collision
6,Circuit de Monaco,Monte-Carlo,Monaco,210,Haas F1 Team,American,7.0,7,0,825,Kevin,Magnussen,Danish,1.0,17,0,1128,2024,8,Monaco Grand Prix,2024-05-26,26444,20,20,0.0,0,\N,Collision
7,Circuit Gilles Villeneuve,Montreal,Canada,9,Red Bull,Austrian,301.0,1,6,830,Max,Verstappen,Dutch,194.0,1,6,1129,2024,9,Canadian Grand Prix,2024-06-09,26445,2,1,25.0,70,1:45:47.927,Finished
7,Circuit Gilles Villeneuve,Montreal,Canada,1,McLaren,British,212.0,3,1,846,Lando,Norris,British,131.0,3,1,1129,2024,9,Canadian Grand Prix,2024-06-09,26446,3,2,18.0,70,+3.879,Finished
7,Circuit Gilles Villeneuve,Montreal,Canada,131,Mercedes,German,124.0,4,0,847,George,Russell,British,69.0,7,0,1129,2024,9,Canadian Grand Prix,2024-06-09,26447,1,3,15.0,70,+4.317,Finished
7,Circuit Gilles Villeneuve,Montreal,Canada,131,Mercedes,German,124.0,4,0,1,Lewis,Hamilton,British,55.0,8,0,1129,2024,9,Canadian Grand Prix,2024-06-09,26448,7,4,13.0,70,+4.915,Finished
7,Circuit Gilles Villeneuve,Montreal,Canada,1,McLaren,British,212.0,3,1,857,Oscar,Piastri,Australian,81.0,6,0,1129,2024,9,Canadian Grand Prix,2024-06-09,26449,4,5,10.0,70,+10.199,Finished
7,Circuit Gilles Villeneuve,Montreal,Canada,117,Aston Martin,British,58.0,5,0,4,Fernando,Alonso,Spanish,41.0,9,0,1129,2024,9,Canadian Grand Prix,2024-06-09,26450,6,6,8.0,70,+17.510,Finished
7,Circuit Gilles Villeneuve,Montreal,Canada,117,Aston Martin,British,58.0,5,0,840,Lance,Stroll,Canadian,17.0,11,0,1129,2024,9,Canadian Grand Prix,2024-06-09,26451,9,7,6.0,70,+23.625,Finished
7,Circuit Gilles Villeneuve,Montreal,Canada,215,RB F1 Team,Italian,28.0,6,0,817,Daniel,Ricciardo,Australian,9.0,12,0,1129,2024,9,Canadian Grand Prix,2024-06-09,26452,5,8,4.0,70,+28.672,Finished
7,Circuit Gilles Villeneuve,Montreal,Canada,214,Alpine F1 Team,French,5.0,8,0,842,Pierre,Gasly,French,3.0,15,0,1129,2024,9,Canadian Grand Prix,2024-06-09,26453,15,9,2.0,70,+30.021,Finished
7,Circuit Gilles Villeneuve,Montreal,Canada,214,Alpine F1 Team,French,5.0,8,0,839,Esteban,Ocon,French,2.0,17,0,1129,2024,9,Canadian Grand Prix,2024-06-09,26454,18,10,1.0,70,+30.313,Finished
7,Circuit Gilles Villeneuve,Montreal,Canada,210,Haas F1 Team,American,7.0,7,0,807,Nico,Hülkenberg,German,6.0,14,0,1129,2024,9,Canadian Grand Prix,2024-06-09,26455,17,11,0.0,70,+30.824,Finished
7,Circuit Gilles Villeneuve,Montreal,Canada,210,Haas F1 Team,American,7.0,7,0,825,Kevin,Magnussen,Danish,1.0,18,0,1129,2024,9,Canadian Grand Prix,2024-06-09,26456,14,12,0.0,70,+31.253,Finished
7,Circuit Gilles Villeneuve,Montreal,Canada,15,Sauber,Swiss,0.0,10,0,822,Valtteri,Bottas,Finnish,0.0,20,0,1129,2024,9,Canadian Grand Prix,2024-06-09,26457,0,13,0.0,70,+40.487,Finished
7,Circuit Gilles Villeneuve,Montreal,Canada,215,RB F1 Team,Italian,28.0,6,0,852,Yuki,Tsunoda,Japanese,19.0,10,0,1129,2024,9,Canadian Grand Prix,2024-06-09,26458,8,14,0.0,70,+52.694,Finished
7,Circuit Gilles Villeneuve,Montreal,Canada,15,Sauber,Swiss,0.0,10,0,855,Guanyu,Zhou,Chinese,0.0,19,0,1129,2024,9,Canadian Grand Prix,2024-06-09,26459,0,15,0.0,69,\N,+1 Lap
7,Circuit Gilles Villeneuve,Montreal,Canada,6,Ferrari,Italian,252.0,2,2,832,Carlos,Sainz,Spanish,108.0,4,1,1129,2024,9,Canadian Grand Prix,2024-06-09,26460,12,16,0.0,52,\N,Collision
7,Circuit Gilles Villeneuve,Montreal,Canada,3,Williams,British,2.0,9,0,848,Alexander,Albon,Thai,2.0,16,0,1129,2024,9,Canadian Grand Prix,2024-06-09,26461,10,17,0.0,52,\N,Collision
7,Circuit Gilles Villeneuve,Montreal,Canada,9,Red Bull,Austrian,301.0,1,6,815,Sergio,Pérez,Mexican,107.0,5,0,1129,2024,9,Canadian Grand Prix,2024-06-09,26462,16,18,0.0,51,\N,Accident
7,Circuit Gilles Villeneuve,Montreal,Canada,6,Ferrari,Italian,252.0,2,2,844,Charles,Leclerc,Monegasque,138.0,2,1,1129,2024,9,Canadian Grand Prix,2024-06-09,26463,11,19,0.0,40,\N,Engine
7,Circuit Gilles Villeneuve,Montreal,Canada,3,Williams,British,2.0,9,0,858,Logan,Sargeant,American,0.0,21,0,1129,2024,9,Canadian Grand Prix,2024-06-09,26464,13,20,0.0,23,\N,Accident
4,Circuit de Barcelona-Catalunya,Montmeló,Spain,9,Red Bull,Austrian,330.0,1,7,830,Max,Verstappen,Dutch,219.0,1,7,1130,2024,10,Spanish Grand Prix,2024-06-23,26465,2,1,25.0,66,1:28:20.227,Finished
4,Circuit de Barcelona-Catalunya,Montmeló,Spain,1,McLaren,British,237.0,3,1,846,Lando,Norris,British,150.0,2,1,1130,2024,10,Spanish Grand Prix,2024-06-23,26466,1,2,19.0,66,+2.219,Finished
4,Circuit de Barcelona-Catalunya,Montmeló,Spain,131,Mercedes,German,215.0,4,0,1,Lewis,Hamilton,British,70.0,8,0,1130,2024,10,Spanish Grand Prix,2024-06-23,26467,3,3,15.0,66,+17.790,Finished
4,Circuit de Barcelona-Catalunya,Montmeló,Spain,131,Mercedes,German,215.0,4,0,847,George,Russell,British,81.0,7,0,1130,2024,10,Spanish Grand Prix,2024-06-23,26468,4,4,12.0,66,+22.320,Finished
4,Circuit de Barcelona-Catalunya,Montmeló,Spain,6,Ferrari,Italian,270.0,2,2,844,Charles,Leclerc,Monegasque,148.0,3,1,1130,2024,10,Spanish Grand Prix,2024-06-23,26469,5,5,10.0,66,+22.709,Finished
4,Circuit de Barcelona-Catalunya,Montmeló,Spain,6,Ferrari,Italian,270.0,2,2,832,Carlos,Sainz,Spanish,116.0,4,1,1130,2024,10,Spanish Grand Prix,2024-06-23,26470,6,6,8.0,66,+31.028,Finished
4,Circuit de Barcelona-Catalunya,Montmeló,Spain,1,McLaren,British,237.0,3,1,857,Oscar,Piastri,Australian,87.0,6,0,1130,2024,10,Spanish Grand Prix,2024-06-23,26471,9,7,6.0,66,+33.760,Finished
4,Circuit de Barcelona-Catalunya,Montmeló,Spain,9,Red Bull,Austrian,330.0,1,7,815,Sergio,Pérez,Mexican,111.0,5,0,1130,2024,10,Spanish Grand Prix,2024-06-23,26472,11,8,4.0,66,+59.524,Finished
4,Circuit de Barcelona-Catalunya,Montmeló,Spain,214,Alpine F1 Team,French,8.0,7,0,842,Pierre,Gasly,French,5.0,15,0,1130,2024,10,Spanish Grand Prix,2024-06-23,26473,7,9,2.0,66,+1:02.025,Finished
4,Circuit de Barcelona-Catalunya,Montmeló,Spain,214,Alpine F1 Team,French,8.0,7,0,839,Esteban,Ocon,French,3.0,16,0,1130,2024,10,Spanish Grand Prix,2024-06-23,26474,8,10,1.0,66,+1:11.889,Finished
4,Circuit de Barcelona-Catalunya,Montmeló,Spain,210,Haas F1 Team,American,7.0,8,0,807,Nico,Hülkenberg,German,6.0,14,0,1130,2024,10,Spanish Grand Prix,2024-06-23,26475,13,11,0.0,66,+1:19.215,Finished
4,Circuit de Barcelona-Catalunya,Montmeló,Spain,117,Aston Martin,British,58.0,5,0,4,Fernando,Alonso,Spanish,41.0,9,0,1130,2024,10,Spanish Grand Prix,2024-06-23,26476,10,12,0.0,65,\N,+1 Lap
4,Circuit de Barcelona-Catalunya,Montmeló,Spain,15,Sauber,Swiss,0.0,10,0,855,Guanyu,Zhou,Chinese,0.0,19,0,1130,2024,10,Spanish Grand Prix,2024-06-23,26477,15,13,0.0,65,\N,+1 Lap
4,Circuit de Barcelona-Catalunya,Montmeló,Spain,117,Aston Martin,British,58.0,5,0,840,Lance,Stroll,Canadian,17.0,11,0,1130,2024,10,Spanish Grand Prix,2024-06-23,26478,14,14,0.0,65,\N,+1 Lap
4,Circuit de Barcelona-Catalunya,Montmeló,Spain,215,RB F1 Team,Italian,28.0,6,0,817,Daniel,Ricciardo,Australian,9.0,12,0,1130,2024,10,Spanish Grand Prix,2024-06-23,26479,18,15,0.0,65,\N,+1 Lap
4,Circuit de Barcelona-Catalunya,Montmeló,Spain,15,Sauber,Swiss,0.0,10,0,822,Valtteri,Bottas,Finnish,0.0,20,0,1130,2024,10,Spanish Grand Prix,2024-06-23,26480,12,16,0.0,65,\N,+1 Lap
4,Circuit de Barcelona-Catalunya,Montmeló,Spain,210,Haas F1 Team,American,7.0,8,0,825,Kevin,Magnussen,Danish,1.0,18,0,1130,2024,10,Spanish Grand Prix,2024-06-23,26481,16,17,0.0,65,\N,+1 Lap
4,Circuit de Barcelona-Catalunya,Montmeló,Spain,3,Williams,British,2.0,9,0,848,Alexander,Albon,Thai,2.0,17,0,1130,2024,10,Spanish Grand Prix,2024-06-23,26482,0,18,0.0,65,\N,+1 Lap
4,Circuit de Barcelona-Catalunya,Montmeló,Spain,215,RB F1 Team,Italian,28.0,6,0,852,Yuki,Tsunoda,Japanese,19.0,10,0,1130,2024,10,Spanish Grand Prix,2024-06-23,26483,17,19,0.0,65,\N,+1 Lap
4,Circuit de Barcelona-Catalunya,Montmeló,Spain,3,Williams,British,2.0,9,0,858,Logan,Sargeant,American,0.0,21,0,1130,2024,10,Spanish Grand Prix,2024-06-23,26484,19,20,0.0,64,\N,+2 Laps
